Company,Commentary,Date
POL,"**SBP maintains policy rate at 10.5pc**
The maintained policy rate may not have a direct impact on POL's dividend investors, but it could influence the overall economic environment, potentially affecting the company's profitability and cash flow. However, this decision may also indicate the central bank's cautious approach to inflation control, which could be beneficial for the company's dividend payout in the long run.

**In the eye of a perfect storm**
This headline suggests that POL may be facing significant challenges, including potential disruptions to its operations, supply chain issues, or regulatory hurdles. Such adverse events could negatively impact the company's financial performance, affecting dividend investors. Regulatory issues or governance risks may also arise from these challenges, further complicating the situation.

**Stocks nosedive 6.3pc in jittery week on geopolitical concerns**
The decline in the stock market may reflect investors' concerns about the country's geopolitical situation, which could impact POL's operations, revenue, and profitability. This market",2026-03-09
PPL,"The recent surge in oil prices and potential disruptions in global commodity markets may negatively impact PPL's (Pakistan Petroleum Limited) profitability, as it is heavily dependent on oil and gas production. The government's austerity plan and measures to conserve petroleum products could also lead to reduced demand and lower prices, affecting PPL's revenue. Furthermore, the suspension of gas supply and recent power tariff increase may have a cascading effect on PPL's operations, particularly in the context of its gas-based power generation projects. These factors may pose governance risks and regulatory challenges for PPL, impacting its ability to maintain dividend payments.",2026-03-09
ISL,"**External sector faces instability amid Middle East crisis**
This development may lead to increased volatility in the stock market, potentially affecting dividend investors. A decline in investor confidence could result in reduced stock prices, impacting dividend yields. This external factor may also lead to a decrease in foreign investment, further exacerbating market instability.

**Sindh govt makes third-party vehicle insurance mandatory**
While this move may increase costs for vehicle owners, it could indirectly benefit insurance companies listed on the PSX. However, the impact on dividend investors may be minimal unless the insurance companies experience significant revenue growth.

**Govt hikes kerosene price by Rs130 to Rs318.81 per litre**
This price hike may lead to higher inflation, which could negatively impact dividend-paying companies, particularly those in the consumer goods sector. As inflation increases, companies may struggle to maintain their dividend payouts, affecting dividend investors.

**Short-term inflation hits households hard**
Higher inflation could lead to reduced consumer spending, negatively impacting dividend-paying companies. This",2026-03-09
KEL,"Given the headline ""End to war risk cover unlikely to hurt local insurers,"" it seems that the removal of war risk cover for Pakistan's exports is unlikely to have a significant impact on local insurers, such as KEL. However, this development may indirectly affect KEL's business operations and profitability, particularly if it leads to reduced exports and subsequently lower demand for KEL's products. As a result, dividend investors may need to closely monitor KEL's financial performance and management's ability to adapt to these changes.",2026-03-09
UBL,"The potential escalation of tensions between Iran and the Gulf region could have a significant impact on the energy sector, including the United Bank Limited (UBL) as it has significant exposure to energy-related businesses. This could lead to increased volatility in the stock price and potentially affect the bank's profitability, which in turn may impact dividend payments. As a result, investors may need to reassess their expectations for dividend yields and potential risks associated with investing in UBL.",2026-03-09